mentions,frequency
FedExHelp,1243
FedEx,759
FedExIndia,128
matthewkheafy,73
Epiphone,73
EverTune8,73
FedExPolicy,34
FedExHelpEU,28
FedExOffice,26
UPS,23
PrashantAstha16,17
FedExEurope,16
FedExCanadaHelp,14
FedExInBikeLane,13
USPS,11
ssbu_Grylvak,11
farmer_kaleigh,11
GoPro,11
SaltedOnion,11
nishantkundan,10
xb0shi3x,10
NYPD7Pct,9
NYCMayor,9
stevesforge,9
POrfalea,9
UPSHelp,8
Le_Hyro,8
FedExComplaints,8
D_Nakashimason,8
FedExNews,8
Microsoft,8
TechnicalGourab,8
ATT,7
Fresh_Kermit,7
NYCEDC,7
AXHolland,7
james_holstein,7
Chewy,7
tcblockedlanes,7
TheLionThing,7
USPSHelp,6
hentailogic,6
Apple,6
stevecordonr,6
ConsiderThis1,6
Galen_Henseler,6
lmcmike,6
alickcarvalho,6
TheEBo,6
amazon,6
ManzTony,6
Onestudpuppy,6
jmackxiii,6
nathanwayman,6
The_MistahJ,6
Ally,6
agentpease,6
BearmanShannon,6
MichaelPerchick,6
fedexteayuda,5
JustBeKauz,5
Jake0458,5
SteveCotner,5
snake83153466,5
blueapron,5
pszim,5
champagnemell,5
VZWSupport,5
jtbtweetin,5
iJJ924,5
NFLSTORE_WO,5
TheRoadTo5000,5
hotgirlcctx,5
MicrosoftHelps,5
AllyCare,5
ShiprocketIndia,5
TheOneCalledEli,5
julez_26,5
natalieraduazzo,4
artbaretta,4
BearTowell,4
sassy_art_is,4
karanvasudeva,4
ice_cold_killa8,4
DGAF_STRange,4
Brummerb_90,4
DaveBeeStocks,4
Tate566,4
Chris_McNabb,4
MorAnand,4
shrawansingh6,4
khan88_talha,4
HelloFresh,4
kathybiallas,4
iKimberlyElise,4
FedExCanada,4
verizon,4
SchroedsBiz,4
CraigMeyer16,4
notsofastfood,4
MaelstromMal,4
Arithium1,4
bertjevan,4
feedingtubepaul,4
officialUKMail,4
MiIndiaSupport,4
by3ron,4
jorgesanchezkn,4
sunspotmike,4
DanielJFalconer,3
meganskulski,3
ablock,3
Dee_T_Knight,3
brittweedon,3
jakegaroutte4,3
SamLeugo,3
SteveOKruz,3
PallavTaru,3
1bith,3
lisalaposte,3
_SupratimSen,3
johndleoenginc,3
SibeeshVenu,3
aakashagwal,3
AnmolVishnu,3
krisrice,3
ATTCares,3
PAwmcareavy,3
DialCreates,3
girthlegboi,3
matthew_w_bk,3
310Nutrition,3
sciencebaby1,3
adidasoriginals,3
thecorncolonel,3
BestBuy,3
ZroEmissions,3
adidasUS,3
Oceanstormprint,3
shannon_mcgrew,3
FedExForum,3
AppleSupport,3
mandyfoo,3
gpinorthwest,3
melissaaten,3
whterrell,3
DJHawaii5ive0,3
resulgurcan,3
JakeOwensPhoto,3
WINC,3
dcspokes,3
cambikelanes,3
CityMinneapolis,3
carsNbikelane,3
adidas,3
SouthSideChaley,3
khaide612,3
amberwillyness,3
AskeBay,3
TonyWijsVA,3
ProbablyRachel,3
AniroC_2,3
TheRealCDaddy,3
CNN,3
FDICgov,3
AngBordenave,3
FedexMexico,3
kglonghorn,3
Roxyklo,3
mgtkn,3
MAB_Esq,2
Bryjeco,2
Joel_Duren,2
orirow,2
kelseashells,2
itsLeeadrian,2
creativlee,2
StevenAVanDyke,2
co_lo_g,2
brook_lynn13,2
cyrpto222,2
jmanuszak,2
ChrisElmlund,2
KatieHyry,2
nicnicandrews,2
powerpuffb1tch,2
ronaldlucero,2
OreoAkh,2
tiff_dawg_03,2
mleecook,2
MP_Billingsley,2
DavidFeketeHun,2
rockydunnam,2
Peitho___,2
kmwallace85,2
lisfer,2
bowenwang90,2
unrulygrl,2
rsd317,2
alanseau,2
Shiriakhatun,2
anil798623,2
geekyNitish,2
nandeetta,2
prashant1272,2
iammunafahmed,2
VipulVo05265551,2
Fredulouss,2
drooliet,2
NYPDnews,2
NYC_DOT,2
bigleechew,2
BairdCampbell,2
LaraR0se,2
jcstua,2
leiagracea,2
simplymiriamm,2
LeVelThriveon,2
Chathamboy12,2
gobbleinc,2
ItzSpelledGEOFF,2
whitneyw3,2
WesGordon1,2
IHateFraudss,2
Sungoddess1961,2
Veruca72,2
MCHangnail,2
HonchoDuu,2
MisfitMoonChild,2
Castleinferno,2
Logan_main,2
amandadalton05,2
GroceryGay,2
wilby_sally,2
rxlychee,2
kidd_ce,2
CR93306942,2
robertklevens,2
run__cmc,2
StinkyTrav15,2
Mauriciodelaga1,2
manders4181,2
MartinKuo_,2
SofiaAjram,2
skitheastcoast,2
KinoLorber,2
TheIndieHandbk,2
Target,2
ClutchCitizen,2
quibblesandbits,2
itswalela,2
rshuman27,2
suburbanjim,2
CarrieBurling,2
bixi0,2
Musik545,2
Safeway,2
DWJ88,2
ariheist,2
TannerJay84,2
aurifil,2
HomeEcMel,2
NSBrowny,2
jbtweetin,2
SKutnicki,2
wearawishbone,2
trinityhelimd,2
RicBebop,2
playofffinale,2
PatrickMahomes5,2
NFL,2
jforst26,2
TNTUKOfficial,2
MBGlamourville,2
TabletopLoot,2
WesHauch,2
zestuart,2
mrpigs,2
Fuentes2484,2
D_r_ghJ_nd_rs_n,2
aiden_lund,2
BlacksmithTek,2
Kowalskers,2
BrandonWC,2
schep_,2
HandlebarsDC,2
HowsMyDrivingDC,2
benschumacher,2
tylerscott89,2
HenchVelo,2
bikelaneuprise,2
OverSharerRTD,2
RevRosenwinkel,2
NYPD9Pct,2
NEFphotographer,2
Corey_P,2
jareddipane,2
Judy67859365,2
ISanderson,2
RedErinn,2
jamesmielke,2
weinerd,2
Lakrsfan24,2
llmrrohitll,2
ShipSticks,2
adiammm,2
Irishkitsune,2
actingbuggy,2
BwlOsOUP,2
walmarthelp,2
Massdrop,2
ylangsq,2
Klarna,2
sneakerheadoppa,2
mlydy,2
rdifrango,2
ScottyCameron,2
RyanNewYork,2
Jozzybear32,2
mikef147,2
TylerMBeast,2
The_Chad_42,2
clepak,2
Cooltaha3939,2
DataMiller,2
ChaddisRadd,2
e46mike_,2
ML_Ayuda,2
kurtiskemple,2
RoldineB,2
StillWithTrump,2
Flattopshawwtty,2
kylebuis,2
brookee_elena,2
pnwfitlady,2
BadProductionz,2
idkklex,2
Lebeaucarnews,1
CNBC,1
jimcramer,1
KevinCurranRM,1
sarabridgess,1
KristyE15900845,1
MolotovCupcake,1
OwleSchreame,1
ajaynes,1
drippiebrian,1
dabears,1
BobbyDsign,1
johndburns,1
sbashbySR,1
brycetrudow,1
AjagunDavid1,1
JHensley55,1
RC_Cola1,1
AmyFriday78,1
LoharPrakash3,1
EmilyPrutzman,1
pulse0000,1
eatzaylove,1
MitchChotchskie,1
Jaypher_,1
AlisonHeller7,1
calebmulroy,1
curlyheavs,1
notjakedelgado,1
GuttmanJane,1
What_aBoutMAJ,1
c_ryba,1
the_andrea_love,1
peachysprite,1
BR0NXSTAR,1
Hello_Evelina,1
jacktorrance182,1
0600Hours,1
Jgall420,1
KayReneeESQ,1
missdzlizzy,1
wahajsindi,1
LPSeries,1
sweetestemily21,1
ldublives,1
dcmcmeans5,1
p_maverick_b,1
CarlosFBerberJR,1
jdmcgowan,1
lilyofthewoods,1
JacobRothe,1
Joshuaclaydon1,1
MrBat549,1
MinhDVu,1
gutimom,1
likenoreaga,1
galvanizedmx,1
madelineleigh95,1
susanorlean,1
PhattMommaa,1
kendyllwithaY,1
kenyshabee,1
lamborghinilux,1
TheLurker666,1
Chargersrock54,1
CarasikS,1
anyelyGdo,1
belgardevan,1
UnkaDub,1
MRKOOLGUYNYC,1
AmyBethCupp,1
iamRSorathiya,1
_humpteedumptee,1
chakri09aror,1
AmolAmolpandit,1
Adeepakbhandari,1
apoorva_k_singh,1
rajnishpnb,1
purab1884,1
firstcryindia,1
FirstCrydotcom,1
MMohdumme,1
AKhatri25,1
arun_runs,1
ImranKhanPTI,1
rajatgoel080,1
sgnvikrant,1
srisaad,1
ricktrivette,1
Apuzzio,1
Jjsreed,1
TravelinMuse,1
WesleyMoore08,1
JoceyU,1
AdityaBhavnani,1
StellaService,1
jabenabena,1
pikdig,1
sarah_bruski,1
FedExGround,1
SiegmansSources,1
ambsvanhook,1
NiaFlos,1
LEVIIA7HAN,1
Fire_In_Babylon,1
ihveanaddiction,1
Bsmith1389,1
HayBay411,1
AaudreeJ,1
THEsolo_man,1
jacksterg51,1
bohdel,1
LaserShip,1
PatrickOlsen,1
kidicarus30,1
jessmowayne,1
OnePunchManSSBM,1
revrobrodriguez,1
kalingcheng,1
UniqloUSA,1
GeniusKicks216,1
ElishaSchlaegel,1
_JayMatt6,1
CoriSkelter,1
McCormackAine,1
TooFaced,1
telewatcr,1
projectfi,1
bjmccracken,1
physh,1
rachelferrigno,1
Dedo,1
SilkSmooth,1
Panthers,1
cd_victoria,1
MoeAnthony,1
xxemilypreston,1
dps2002,1
Gotribe31,1
MojoThaGreat,1
BrianMcCarthy3,1
Nike,1
nikestore,1
MichaelGuyett,1
ShortFiat21M,1
susanalkadri,1
rogoziax,1
Ken4VoIP,1
MitchThinks,1
ororoiquadi,1
MissJill83,1
tyeejade,1
SatyrixArt,1
ggreeneyes1975,1
ssamario20,1
simonapandele,1
MissSunshi,1
DavidL919,1
bastylefilegirl,1
jbirdpeterson,1
sudhir3sri,1
JenSzalay,1
JaredLindloff,1
TheStarVictoria,1
aduanasve,1
hbe2008,1
Kayigh2,1
CocaineNoHoney,1
chriddyfries,1
CaterinaTaylor,1
DavidHenderson0,1
ALLPRONATE,1
Muffduster_1985,1
crbickhaus,1
RaulaBeth,1
iHeartJCena,1
infantryteacher,1
alandprice,1
Curiosity7709,1
MRK_290,1
MayhemsSolution,1
AntonelioAngel,1
C7_LCX,1
NicolaScotty,1
HarajukuGurl87,1
NhatQuang93,1
ErikJoiner,1
Newegg,1
DumboTweets,1
OfficialGGJack,1
BHPhotoVideo,1
HBroPhotos,1
iamloraaa,1
Sp00nerism,1
Twixted1,1
madebygoogle,1
Google,1
CowMan5150,1
ssbu_MGF,1
emilytlrod,1
CrossFit,1
memgrizz,1
neiljgibson,1
mgyllenhaal,1
NFL345,1
Strike,1
JustinRose99,1
MattBreida,1
Irfannzo,1
TNTMediaHub,1
myCryptoHippo,1
JACentralON,1
TorontoPearson,1
fruitfuloffice,1
BruceLevenstein,1
humanonaplanet,1
mdloprete,1
Crotin,1
AllDanAllDay,1
stillupsocut,1
AliceinCovers,1
Paveltorresart,1
dezeerae,1
Fishman_Music,1
KushDreamZombie,1
deeeemoneyy,1
Browns,1
NFLStore_ARG,1
usbank,1
Visa,1
FoxBusiness,1
EuropaLeague,1
DFontaineYAH,1
Walgreens,1
High_Quality_Co,1
petiteaitza,1
pneofotistos,1
matty_angles,1
alexis__castro,1
p4a9t86,1
idle_sys,1
Aunt_Bike,1
bdhowald,1
NYCFinance,1
bradlander,1
ydanis,1
MindTheBikeLane,1
HumaImtiaz,1
BikeDenver,1
BicycleColo,1
ebooksyearn,1
DCPoliceDept,1
DenPublicWorks,1
ThingsInTheLane,1
Quan,1
DPHowat,1
TPS_pke_rider,1
BoiseStreetDept,1
ProvocCities,1
mattwunderlich,1
jimkourlas,1
faye_bi,1
melissa_schober,1
mtamaryland,1
amazur,1
cmzalenski,1
AskLyft,1
Uber_Support,1
UPSInBikeLanes,1
BostonCyclist,1
TsunamiiSouls,1
my_guardzilla,1
arianasavocados,1
UfterYou,1
ChrisJa36157560,1
Chat_Mort,1
Saul_Says,1
SamCPizzaMan,1
derekakessler,1
HarborFreight,1
lydia_a,1
ScholarshipCntr,1
DeevineGoddess,1
ring,1
DefenderoftheF,1
dark_zack1,1
gouldrw,1
SergTweetS,1
CharlieNewquist,1
gwendolynkelly,1
ankurcake,1
d7de60470ea048e,1
Neeraj93Pathak,1
SweetGujju,1
atMattb,1
sadorno,1
HeyImAJ,1
ChoffmanjColin,1
jphaase78,1
DHLexpress,1
muralibhatas,1
NRATV,1
DLoesch,1
knittyjess,1
wife_beater__,1
lorenzomigz26,1
makingwavs,1
kylersl,1
sunkissed1001,1
mrtoddmorgan,1
ladyshauntai,1
inkgirl4,1
ipdVolvo,1
prwood,1
JimmyCounihan,1
TheWrittenPug,1
tom_brannam,1
lorimhffy,1
NikeishaBK,1
tiffanyngibson,1
_feldy,1
charlesminshew,1
janelle_adams,1
ngirard,1
stevelhage,1
alecxzamarripa,1
1xicana,1
jamespotter78,1
veganlove4883,1
flagnorfail,1
daydayKnucks,1
harp_dawson,1
FavorofGOD365,1
BestBuySupport,1
JDawsonTweets,1
ryannocella,1
KellyAnn1111,1
bamcdougall,1
laurala,1
foxxytrotting,1
seamus_sullivan,1
kanyewest,1
Jerseypiper77,1
iBolt07,1
SHORunner2,1
ccffund,1
MarkPeriphery,1
NRA,1
xiaomi,1
XiaomiIndia,1
manukumarjain,1
IndiaPOCO,1
fcbsdukes,1
jennyhartman,1
AApache69,1
Forever21,1
ImStache,1
ray_coxi,1
Mercadolibre,1
marherom,1
Cindy_c05,1
RAMinDC,1
FedexUSA,1
JavisoGaming,1
VerizonSupport,1
Alydaemi,1
gillchubb,1
chris60836547,1
alexammaciel,1
stuntbox,1
stephpalmeri,1
Sarahangiee,1
WalmartInc,1
Walmart,1
radralin,1
millerAD3,1
KyleWQuinn,1
joshandtolk,1
jdfwarrior,1
ngocphamm,1
tim_cook,1
AlexanderJSteel,1
IAMSOUNDCHIP,1
Valigha,1
queeniferr,1
gardenspell,1
CancerCenter,1
MichaelJDeBarge,1
MySouthernSelf,1
AndrewSullMusic,1
kjell_,1
jessaza_,1
GeorgiaHeckel,1
